{"scope.version":"2","timeline.animationMode":"proMode","viewport.width":320,"viewport.height":640,"library.openDirectories":[],"library.GroupsPath":{},"library.downloadedAssets":{},"tool.text.optionsState":{"fontName":"Georgia","fontSize":"16px","fontWeight":"normal","fontStyle":"normal","alignLeft":true,"alignCenter":false,"alignRight":false,"alignJustify":false,"verticalAlignCenter":false,"foreColor":"rgb(0, 0, 0)","tagName":"p","orderedList":false,"unorderedList":false},"design.zoom":0.75,"timeline.loopPreview":true}